customer_id,name,email,city,country
1,Customer1,user1@mail.com,Delhi,India
2,Customer2,user2@mail.com,Delhi,India
3,Customer3,user3@mail.com,Delhi,India
4,Customer4,user4@mail.com,Hyderabad,India
5,Customer5,user5@mail.com,Hyderabad,India
6,Customer6,user6@mail.com,Bangalore,India
7,Customer7,user7@mail.com,Hyderabad,India
8,Customer8,user8@mail.com,Bangalore,India
9,Customer9,user9@mail.com,Hyderabad,India
10,Customer10,user10@mail.com,Mumbai,India
11,Customer11,user11@mail.com,Bangalore,India
12,Customer12,user12@mail.com,Hyderabad,India
13,Customer13,user13@mail.com,Mumbai,India
14,Customer14,user14@mail.com,Hyderabad,India
15,Customer15,user15@mail.com,Chennai,India
16,Customer16,user16@mail.com,Chennai,India
17,Customer17,user17@mail.com,Mumbai,India
18,Customer18,user18@mail.com,Delhi,India
19,Customer19,user19@mail.com,Delhi,India
20,Customer20,user20@mail.com,Chennai,India
21,Customer21,user21@mail.com,Chennai,India
22,Customer22,user22@mail.com,Delhi,India
23,Customer23,user23@mail.com,Bangalore,India
24,Customer24,user24@mail.com,Delhi,India
25,Customer25,user25@mail.com,Hyderabad,India
26,Customer26,user26@mail.com,Bangalore,India
27,Customer27,user27@mail.com,Hyderabad,India
28,Customer28,user28@mail.com,Chennai,India
29,Customer29,user29@mail.com,Bangalore,India
30,Customer30,user30@mail.com,Hyderabad,India
31,Customer31,user31@mail.com,Hyderabad,India
32,Customer32,user32@mail.com,Bangalore,India
33,Customer33,user33@mail.com,Mumbai,India
34,Customer34,user34@mail.com,Delhi,India
35,Customer35,user35@mail.com,Hyderabad,India
36,Customer36,user36@mail.com,Delhi,India
37,Customer37,user37@mail.com,Delhi,India
38,Customer38,user38@mail.com,Chennai,India
39,Customer39,user39@mail.com,Delhi,India
40,Customer40,user40@mail.com,Hyderabad,India
41,Customer41,user41@mail.com,Chennai,India
42,Customer42,user42@mail.com,Bangalore,India
43,Customer43,user43@mail.com,Hyderabad,India
44,Customer44,user44@mail.com,Chennai,India
45,Customer45,user45@mail.com,Chennai,India
46,Customer46,user46@mail.com,Delhi,India
47,Customer47,user47@mail.com,Bangalore,India
48,Customer48,user48@mail.com,Hyderabad,India
49,Customer49,user49@mail.com,Hyderabad,India
50,Customer50,user50@mail.com,Delhi,India
51,Customer51,user51@mail.com,Bangalore,India
52,Customer52,user52@mail.com,Hyderabad,India
53,Customer53,user53@mail.com,Bangalore,India
54,Customer54,user54@mail.com,Hyderabad,India
55,Customer55,user55@mail.com,Delhi,India
56,Customer56,user56@mail.com,Mumbai,India
57,Customer57,user57@mail.com,Hyderabad,India
58,Customer58,user58@mail.com,Chennai,India
59,Customer59,user59@mail.com,Chennai,India
60,Customer60,user60@mail.com,Mumbai,India
61,Customer61,user61@mail.com,Hyderabad,India
62,Customer62,user62@mail.com,Chennai,India
63,Customer63,user63@mail.com,Chennai,India
64,Customer64,user64@mail.com,Hyderabad,India
65,Customer65,user65@mail.com,Bangalore,India
66,Customer66,user66@mail.com,Hyderabad,India
67,Customer67,user67@mail.com,Bangalore,India
68,Customer68,user68@mail.com,Mumbai,India
69,Customer69,user69@mail.com,Delhi,India
70,Customer70,user70@mail.com,Mumbai,India
71,Customer71,user71@mail.com,Delhi,India
72,Customer72,user72@mail.com,Chennai,India
73,Customer73,user73@mail.com,Chennai,India
74,Customer74,user74@mail.com,Chennai,India
75,Customer75,user75@mail.com,Bangalore,India
76,Customer76,user76@mail.com,Delhi,India
77,Customer77,user77@mail.com,Chennai,India
78,Customer78,user78@mail.com,Hyderabad,India
79,Customer79,user79@mail.com,Delhi,India
80,Customer80,user80@mail.com,Delhi,India
81,Customer81,user81@mail.com,Bangalore,India
82,Customer82,user82@mail.com,Mumbai,India
83,Customer83,user83@mail.com,Bangalore,India
84,Customer84,user84@mail.com,Chennai,India
85,Customer85,user85@mail.com,Hyderabad,India
86,Customer86,user86@mail.com,Hyderabad,India
87,Customer87,user87@mail.com,Chennai,India
88,Customer88,user88@mail.com,Hyderabad,India
89,Customer89,user89@mail.com,Bangalore,India
90,Customer90,user90@mail.com,Bangalore,India
91,Customer91,user91@mail.com,Chennai,India
92,Customer92,user92@mail.com,Hyderabad,India
93,Customer93,user93@mail.com,Delhi,India
94,Customer94,user94@mail.com,Mumbai,India
95,Customer95,user95@mail.com,Delhi,India
96,Customer96,user96@mail.com,Bangalore,India
97,Customer97,user97@mail.com,Bangalore,India
98,Customer98,user98@mail.com,Bangalore,India
99,Customer99,user99@mail.com,Bangalore,India
100,Customer100,user100@mail.com,Mumbai,India
101,Customer101,user101@mail.com,Chennai,India
102,Customer102,user102@mail.com,Bangalore,India
103,Customer103,user103@mail.com,Hyderabad,India
104,Customer104,user104@mail.com,Mumbai,India
105,Customer105,user105@mail.com,Bangalore,India
106,Customer106,user106@mail.com,Hyderabad,India
107,Customer107,user107@mail.com,Bangalore,India
108,Customer108,user108@mail.com,Chennai,India
109,Customer109,user109@mail.com,Mumbai,India
110,Customer110,user110@mail.com,Chennai,India
111,Customer111,user111@mail.com,Mumbai,India
112,Customer112,user112@mail.com,Bangalore,India
113,Customer113,user113@mail.com,Bangalore,India
114,Customer114,user114@mail.com,Mumbai,India
115,Customer115,user115@mail.com,Hyderabad,India
116,Customer116,user116@mail.com,Hyderabad,India
117,Customer117,user117@mail.com,Bangalore,India
118,Customer118,user118@mail.com,Bangalore,India
119,Customer119,user119@mail.com,Chennai,India
120,Customer120,user120@mail.com,Bangalore,India
121,Customer121,user121@mail.com,Mumbai,India
122,Customer122,user122@mail.com,Hyderabad,India
123,Customer123,user123@mail.com,Hyderabad,India
124,Customer124,user124@mail.com,Chennai,India
125,Customer125,user125@mail.com,Hyderabad,India
126,Customer126,user126@mail.com,Hyderabad,India
127,Customer127,user127@mail.com,Delhi,India
128,Customer128,user128@mail.com,Mumbai,India
129,Customer129,user129@mail.com,Delhi,India
130,Customer130,user130@mail.com,Hyderabad,India
131,Customer131,user131@mail.com,Chennai,India
132,Customer132,user132@mail.com,Chennai,India
133,Customer133,user133@mail.com,Hyderabad,India
134,Customer134,user134@mail.com,Bangalore,India
135,Customer135,user135@mail.com,Delhi,India
136,Customer136,user136@mail.com,Hyderabad,India
137,Customer137,user137@mail.com,Chennai,India
138,Customer138,user138@mail.com,Chennai,India
139,Customer139,user139@mail.com,Delhi,India
140,Customer140,user140@mail.com,Mumbai,India
141,Customer141,user141@mail.com,Hyderabad,India
142,Customer142,user142@mail.com,Hyderabad,India
143,Customer143,user143@mail.com,Mumbai,India
144,Customer144,user144@mail.com,Delhi,India
145,Customer145,user145@mail.com,Delhi,India
146,Customer146,user146@mail.com,Chennai,India
147,Customer147,user147@mail.com,Mumbai,India
148,Customer148,user148@mail.com,Delhi,India
149,Customer149,user149@mail.com,Bangalore,India
150,Customer150,user150@mail.com,Hyderabad,India
151,Customer151,user151@mail.com,Chennai,India
152,Customer152,user152@mail.com,Mumbai,India
153,Customer153,user153@mail.com,Chennai,India
154,Customer154,user154@mail.com,Delhi,India
155,Customer155,user155@mail.com,Delhi,India
156,Customer156,user156@mail.com,Bangalore,India
157,Customer157,user157@mail.com,Hyderabad,India
158,Customer158,user158@mail.com,Mumbai,India
159,Customer159,user159@mail.com,Chennai,India
160,Customer160,user160@mail.com,Hyderabad,India
161,Customer161,user161@mail.com,Delhi,India
162,Customer162,user162@mail.com,Hyderabad,India
163,Customer163,user163@mail.com,Chennai,India
164,Customer164,user164@mail.com,Hyderabad,India
165,Customer165,user165@mail.com,Delhi,India
166,Customer166,user166@mail.com,Hyderabad,India
167,Customer167,user167@mail.com,Mumbai,India
168,Customer168,user168@mail.com,Hyderabad,India
169,Customer169,user169@mail.com,Mumbai,India
170,Customer170,user170@mail.com,Hyderabad,India
171,Customer171,user171@mail.com,Delhi,India
172,Customer172,user172@mail.com,Bangalore,India
173,Customer173,user173@mail.com,Bangalore,India
174,Customer174,user174@mail.com,Mumbai,India
175,Customer175,user175@mail.com,Mumbai,India
176,Customer176,user176@mail.com,Bangalore,India
177,Customer177,user177@mail.com,Delhi,India
178,Customer178,user178@mail.com,Delhi,India
179,Customer179,user179@mail.com,Hyderabad,India
180,Customer180,user180@mail.com,Mumbai,India
181,Customer181,user181@mail.com,Delhi,India
182,Customer182,user182@mail.com,Chennai,India
183,Customer183,user183@mail.com,Hyderabad,India
184,Customer184,user184@mail.com,Hyderabad,India
185,Customer185,user185@mail.com,Bangalore,India
186,Customer186,user186@mail.com,Mumbai,India
187,Customer187,user187@mail.com,Delhi,India
188,Customer188,user188@mail.com,Delhi,India
189,Customer189,user189@mail.com,Hyderabad,India
190,Customer190,user190@mail.com,Mumbai,India
191,Customer191,user191@mail.com,Mumbai,India
192,Customer192,user192@mail.com,Mumbai,India
193,Customer193,user193@mail.com,Bangalore,India
194,Customer194,user194@mail.com,Delhi,India
195,Customer195,user195@mail.com,Mumbai,India
196,Customer196,user196@mail.com,Bangalore,India
197,Customer197,user197@mail.com,Chennai,India
198,Customer198,user198@mail.com,Hyderabad,India
199,Customer199,user199@mail.com,Delhi,India
200,Customer200,user200@mail.com,Delhi,India
201,Customer201,user201@mail.com,Hyderabad,India
202,Customer202,user202@mail.com,Chennai,India
203,Customer203,user203@mail.com,Bangalore,India
204,Customer204,user204@mail.com,Hyderabad,India
205,Customer205,user205@mail.com,Bangalore,India
206,Customer206,user206@mail.com,Bangalore,India
207,Customer207,user207@mail.com,Bangalore,India
208,Customer208,user208@mail.com,Chennai,India
209,Customer209,user209@mail.com,Chennai,India
210,Customer210,user210@mail.com,Bangalore,India
211,Customer211,user211@mail.com,Mumbai,India
212,Customer212,user212@mail.com,Delhi,India
213,Customer213,user213@mail.com,Chennai,India
214,Customer214,user214@mail.com,Mumbai,India
215,Customer215,user215@mail.com,Mumbai,India
216,Customer216,user216@mail.com,Delhi,India
217,Customer217,user217@mail.com,Bangalore,India
218,Customer218,user218@mail.com,Mumbai,India
219,Customer219,user219@mail.com,Mumbai,India
220,Customer220,user220@mail.com,Mumbai,India
221,Customer221,user221@mail.com,Bangalore,India
222,Customer222,user222@mail.com,Bangalore,India
223,Customer223,user223@mail.com,Chennai,India
224,Customer224,user224@mail.com,Chennai,India
225,Customer225,user225@mail.com,Mumbai,India
226,Customer226,user226@mail.com,Bangalore,India
227,Customer227,user227@mail.com,Bangalore,India
228,Customer228,user228@mail.com,Delhi,India
229,Customer229,user229@mail.com,Mumbai,India
230,Customer230,user230@mail.com,Chennai,India
231,Customer231,user231@mail.com,Delhi,India
232,Customer232,user232@mail.com,Bangalore,India
233,Customer233,user233@mail.com,Chennai,India
234,Customer234,user234@mail.com,Mumbai,India
235,Customer235,user235@mail.com,Bangalore,India
236,Customer236,user236@mail.com,Mumbai,India
237,Customer237,user237@mail.com,Delhi,India
238,Customer238,user238@mail.com,Delhi,India
239,Customer239,user239@mail.com,Delhi,India
240,Customer240,user240@mail.com,Hyderabad,India
241,Customer241,user241@mail.com,Mumbai,India
242,Customer242,user242@mail.com,Delhi,India
243,Customer243,user243@mail.com,Delhi,India
244,Customer244,user244@mail.com,Mumbai,India
245,Customer245,user245@mail.com,Delhi,India
246,Customer246,user246@mail.com,Mumbai,India
247,Customer247,user247@mail.com,Bangalore,India
248,Customer248,user248@mail.com,Mumbai,India
249,Customer249,user249@mail.com,Mumbai,India
250,Customer250,user250@mail.com,Hyderabad,India
251,Customer251,user251@mail.com,Bangalore,India
252,Customer252,user252@mail.com,Hyderabad,India
253,Customer253,user253@mail.com,Delhi,India
254,Customer254,user254@mail.com,Mumbai,India
255,Customer255,user255@mail.com,Bangalore,India
256,Customer256,user256@mail.com,Hyderabad,India
257,Customer257,user257@mail.com,Mumbai,India
258,Customer258,user258@mail.com,Chennai,India
259,Customer259,user259@mail.com,Hyderabad,India
260,Customer260,user260@mail.com,Bangalore,India
261,Customer261,user261@mail.com,Hyderabad,India
262,Customer262,user262@mail.com,Hyderabad,India
263,Customer263,user263@mail.com,Hyderabad,India
264,Customer264,user264@mail.com,Delhi,India
265,Customer265,user265@mail.com,Chennai,India
266,Customer266,user266@mail.com,Bangalore,India
267,Customer267,user267@mail.com,Bangalore,India
268,Customer268,user268@mail.com,Bangalore,India
269,Customer269,user269@mail.com,Mumbai,India
270,Customer270,user270@mail.com,Bangalore,India
271,Customer271,user271@mail.com,Bangalore,India
272,Customer272,user272@mail.com,Chennai,India
273,Customer273,user273@mail.com,Mumbai,India
274,Customer274,user274@mail.com,Mumbai,India
275,Customer275,user275@mail.com,Hyderabad,India
276,Customer276,user276@mail.com,Delhi,India
277,Customer277,user277@mail.com,Mumbai,India
278,Customer278,user278@mail.com,Mumbai,India
279,Customer279,user279@mail.com,Chennai,India
280,Customer280,user280@mail.com,Bangalore,India
281,Customer281,user281@mail.com,Mumbai,India
282,Customer282,user282@mail.com,Mumbai,India
283,Customer283,user283@mail.com,Delhi,India
284,Customer284,user284@mail.com,Chennai,India
285,Customer285,user285@mail.com,Delhi,India
286,Customer286,user286@mail.com,Mumbai,India
287,Customer287,user287@mail.com,Mumbai,India
288,Customer288,user288@mail.com,Chennai,India
289,Customer289,user289@mail.com,Hyderabad,India
290,Customer290,user290@mail.com,Hyderabad,India
291,Customer291,user291@mail.com,Mumbai,India
292,Customer292,user292@mail.com,Mumbai,India
293,Customer293,user293@mail.com,Delhi,India
294,Customer294,user294@mail.com,Delhi,India
295,Customer295,user295@mail.com,Delhi,India
296,Customer296,user296@mail.com,Bangalore,India
297,Customer297,user297@mail.com,Mumbai,India
298,Customer298,user298@mail.com,Bangalore,India
299,Customer299,user299@mail.com,Hyderabad,India
300,Customer300,user300@mail.com,Mumbai,India
301,Customer301,user301@mail.com,Mumbai,India
302,Customer302,user302@mail.com,Chennai,India
303,Customer303,user303@mail.com,Mumbai,India
304,Customer304,user304@mail.com,Hyderabad,India
305,Customer305,user305@mail.com,Mumbai,India
306,Customer306,user306@mail.com,Bangalore,India
307,Customer307,user307@mail.com,Mumbai,India
308,Customer308,user308@mail.com,Bangalore,India
309,Customer309,user309@mail.com,Delhi,India
310,Customer310,user310@mail.com,Delhi,India
311,Customer311,user311@mail.com,Chennai,India
312,Customer312,user312@mail.com,Mumbai,India
313,Customer313,user313@mail.com,Delhi,India
314,Customer314,user314@mail.com,Delhi,India
315,Customer315,user315@mail.com,Chennai,India
316,Customer316,user316@mail.com,Chennai,India
317,Customer317,user317@mail.com,Mumbai,India
318,Customer318,user318@mail.com,Bangalore,India
319,Customer319,user319@mail.com,Mumbai,India
320,Customer320,user320@mail.com,Bangalore,India
321,Customer321,user321@mail.com,Chennai,India
322,Customer322,user322@mail.com,Hyderabad,India
323,Customer323,user323@mail.com,Mumbai,India
324,Customer324,user324@mail.com,Hyderabad,India
325,Customer325,user325@mail.com,Bangalore,India
326,Customer326,user326@mail.com,Mumbai,India
327,Customer327,user327@mail.com,Hyderabad,India
328,Customer328,user328@mail.com,Hyderabad,India
329,Customer329,user329@mail.com,Mumbai,India
330,Customer330,user330@mail.com,Hyderabad,India
331,Customer331,user331@mail.com,Mumbai,India
332,Customer332,user332@mail.com,Hyderabad,India
333,Customer333,user333@mail.com,Chennai,India
334,Customer334,user334@mail.com,Mumbai,India
335,Customer335,user335@mail.com,Chennai,India
336,Customer336,user336@mail.com,Delhi,India
337,Customer337,user337@mail.com,Chennai,India
338,Customer338,user338@mail.com,Hyderabad,India
339,Customer339,user339@mail.com,Bangalore,India
340,Customer340,user340@mail.com,Chennai,India
341,Customer341,user341@mail.com,Chennai,India
342,Customer342,user342@mail.com,Chennai,India
343,Customer343,user343@mail.com,Bangalore,India
344,Customer344,user344@mail.com,Bangalore,India
345,Customer345,user345@mail.com,Chennai,India
346,Customer346,user346@mail.com,Delhi,India
347,Customer347,user347@mail.com,Bangalore,India
348,Customer348,user348@mail.com,Bangalore,India
349,Customer349,user349@mail.com,Bangalore,India
350,Customer350,user350@mail.com,Mumbai,India
351,Customer351,user351@mail.com,Chennai,India
352,Customer352,user352@mail.com,Delhi,India
353,Customer353,user353@mail.com,Bangalore,India
354,Customer354,user354@mail.com,Mumbai,India
355,Customer355,user355@mail.com,Hyderabad,India
356,Customer356,user356@mail.com,Hyderabad,India
357,Customer357,user357@mail.com,Bangalore,India
358,Customer358,user358@mail.com,Delhi,India
359,Customer359,user359@mail.com,Delhi,India
360,Customer360,user360@mail.com,Chennai,India
361,Customer361,user361@mail.com,Bangalore,India
362,Customer362,user362@mail.com,Hyderabad,India
363,Customer363,user363@mail.com,Chennai,India
364,Customer364,user364@mail.com,Delhi,India
365,Customer365,user365@mail.com,Chennai,India
366,Customer366,user366@mail.com,Hyderabad,India
367,Customer367,user367@mail.com,Delhi,India
368,Customer368,user368@mail.com,Mumbai,India
369,Customer369,user369@mail.com,Mumbai,India
370,Customer370,user370@mail.com,Bangalore,India
371,Customer371,user371@mail.com,Chennai,India
372,Customer372,user372@mail.com,Delhi,India
373,Customer373,user373@mail.com,Bangalore,India
374,Customer374,user374@mail.com,Chennai,India
375,Customer375,user375@mail.com,Hyderabad,India
376,Customer376,user376@mail.com,Delhi,India
377,Customer377,user377@mail.com,Chennai,India
378,Customer378,user378@mail.com,Delhi,India
379,Customer379,user379@mail.com,Chennai,India
380,Customer380,user380@mail.com,Hyderabad,India
381,Customer381,user381@mail.com,Delhi,India
382,Customer382,user382@mail.com,Mumbai,India
383,Customer383,user383@mail.com,Hyderabad,India
384,Customer384,user384@mail.com,Chennai,India
385,Customer385,user385@mail.com,Delhi,India
386,Customer386,user386@mail.com,Hyderabad,India
387,Customer387,user387@mail.com,Chennai,India
388,Customer388,user388@mail.com,Mumbai,India
389,Customer389,user389@mail.com,Mumbai,India
390,Customer390,user390@mail.com,Chennai,India
391,Customer391,user391@mail.com,Mumbai,India
392,Customer392,user392@mail.com,Hyderabad,India
393,Customer393,user393@mail.com,Mumbai,India
394,Customer394,user394@mail.com,Bangalore,India
395,Customer395,user395@mail.com,Mumbai,India
396,Customer396,user396@mail.com,Bangalore,India
397,Customer397,user397@mail.com,Delhi,India
398,Customer398,user398@mail.com,Hyderabad,India
399,Customer399,user399@mail.com,Delhi,India
400,Customer400,user400@mail.com,Delhi,India
401,Customer401,user401@mail.com,Mumbai,India
402,Customer402,user402@mail.com,Mumbai,India
403,Customer403,user403@mail.com,Mumbai,India
404,Customer404,user404@mail.com,Delhi,India
405,Customer405,user405@mail.com,Hyderabad,India
406,Customer406,user406@mail.com,Hyderabad,India
407,Customer407,user407@mail.com,Bangalore,India
408,Customer408,user408@mail.com,Chennai,India
409,Customer409,user409@mail.com,Hyderabad,India
410,Customer410,user410@mail.com,Mumbai,India
411,Customer411,user411@mail.com,Bangalore,India
412,Customer412,user412@mail.com,Mumbai,India
413,Customer413,user413@mail.com,Delhi,India
414,Customer414,user414@mail.com,Delhi,India
415,Customer415,user415@mail.com,Mumbai,India
416,Customer416,user416@mail.com,Hyderabad,India
417,Customer417,user417@mail.com,Chennai,India
418,Customer418,user418@mail.com,Mumbai,India
419,Customer419,user419@mail.com,Hyderabad,India
420,Customer420,user420@mail.com,Bangalore,India
421,Customer421,user421@mail.com,Mumbai,India
422,Customer422,user422@mail.com,Bangalore,India
423,Customer423,user423@mail.com,Hyderabad,India
424,Customer424,user424@mail.com,Hyderabad,India
425,Customer425,user425@mail.com,Hyderabad,India
426,Customer426,user426@mail.com,Hyderabad,India
427,Customer427,user427@mail.com,Delhi,India
428,Customer428,user428@mail.com,Hyderabad,India
429,Customer429,user429@mail.com,Delhi,India
430,Customer430,user430@mail.com,Chennai,India
431,Customer431,user431@mail.com,Delhi,India
432,Customer432,user432@mail.com,Bangalore,India
433,Customer433,user433@mail.com,Chennai,India
434,Customer434,user434@mail.com,Bangalore,India
435,Customer435,user435@mail.com,Mumbai,India
436,Customer436,user436@mail.com,Mumbai,India
437,Customer437,user437@mail.com,Delhi,India
438,Customer438,user438@mail.com,Bangalore,India
439,Customer439,user439@mail.com,Mumbai,India
440,Customer440,user440@mail.com,Mumbai,India
441,Customer441,user441@mail.com,Mumbai,India
442,Customer442,user442@mail.com,Chennai,India
443,Customer443,user443@mail.com,Chennai,India
444,Customer444,user444@mail.com,Hyderabad,India
445,Customer445,user445@mail.com,Bangalore,India
446,Customer446,user446@mail.com,Mumbai,India
447,Customer447,user447@mail.com,Bangalore,India
448,Customer448,user448@mail.com,Hyderabad,India
449,Customer449,user449@mail.com,Delhi,India
450,Customer450,user450@mail.com,Hyderabad,India
451,Customer451,user451@mail.com,Mumbai,India
452,Customer452,user452@mail.com,Delhi,India
453,Customer453,user453@mail.com,Delhi,India
454,Customer454,user454@mail.com,Hyderabad,India
455,Customer455,user455@mail.com,Mumbai,India
456,Customer456,user456@mail.com,Delhi,India
457,Customer457,user457@mail.com,Hyderabad,India
458,Customer458,user458@mail.com,Hyderabad,India
459,Customer459,user459@mail.com,Mumbai,India
460,Customer460,user460@mail.com,Hyderabad,India
461,Customer461,user461@mail.com,Hyderabad,India
462,Customer462,user462@mail.com,Hyderabad,India
463,Customer463,user463@mail.com,Bangalore,India
464,Customer464,user464@mail.com,Chennai,India
465,Customer465,user465@mail.com,Bangalore,India
466,Customer466,user466@mail.com,Hyderabad,India
467,Customer467,user467@mail.com,Chennai,India
468,Customer468,user468@mail.com,Delhi,India
469,Customer469,user469@mail.com,Bangalore,India
470,Customer470,user470@mail.com,Bangalore,India
471,Customer471,user471@mail.com,Bangalore,India
472,Customer472,user472@mail.com,Mumbai,India
473,Customer473,user473@mail.com,Hyderabad,India
474,Customer474,user474@mail.com,Delhi,India
475,Customer475,user475@mail.com,Delhi,India
476,Customer476,user476@mail.com,Delhi,India
477,Customer477,user477@mail.com,Hyderabad,India
478,Customer478,user478@mail.com,Chennai,India
479,Customer479,user479@mail.com,Bangalore,India
480,Customer480,user480@mail.com,Hyderabad,India
481,Customer481,user481@mail.com,Bangalore,India
482,Customer482,user482@mail.com,Hyderabad,India
483,Customer483,user483@mail.com,Bangalore,India
484,Customer484,user484@mail.com,Hyderabad,India
485,Customer485,user485@mail.com,Chennai,India
486,Customer486,user486@mail.com,Delhi,India
487,Customer487,user487@mail.com,Bangalore,India
488,Customer488,user488@mail.com,Hyderabad,India
489,Customer489,user489@mail.com,Chennai,India
490,Customer490,user490@mail.com,Chennai,India
491,Customer491,user491@mail.com,Delhi,India
492,Customer492,user492@mail.com,Hyderabad,India
493,Customer493,user493@mail.com,Bangalore,India
494,Customer494,user494@mail.com,Mumbai,India
495,Customer495,user495@mail.com,Chennai,India
496,Customer496,user496@mail.com,Chennai,India
497,Customer497,user497@mail.com,Delhi,India
498,Customer498,user498@mail.com,Hyderabad,India
499,Customer499,user499@mail.com,Mumbai,India
500,Customer500,user500@mail.com,Mumbai,India
